ds,holiday,country,year
1995-01-01,Ujev,HU,1995
1995-03-15,Nemzeti unnep,HU,1995
1995-04-16,Husvet,HU,1995
1995-04-17,Husvet Hetfo,HU,1995
1995-05-01,A Munka unnepe,HU,1995
1995-06-04,Punkosd,HU,1995
1995-06-05,Punkosdhetfo,HU,1995
1995-08-20,Az allamalapitas unnepe,HU,1995
1995-10-23,Nemzeti unnep,HU,1995
1995-12-25,Karacsony,HU,1995
1995-12-26,Karacsony masnapja,HU,1995
1996-01-01,Ujev,HU,1996
1996-03-15,Nemzeti unnep,HU,1996
1996-04-07,Husvet,HU,1996
1996-04-08,Husvet Hetfo,HU,1996
1996-05-01,A Munka unnepe,HU,1996
1996-05-26,Punkosd,HU,1996
1996-05-27,Punkosdhetfo,HU,1996
1996-08-20,Az allamalapitas unnepe,HU,1996
1996-10-23,Nemzeti unnep,HU,1996
1996-12-25,Karacsony,HU,1996
1996-12-26,Karacsony masnapja,HU,1996
1997-01-01,Ujev,HU,1997
1997-03-15,Nemzeti unnep,HU,1997
1997-03-30,Husvet,HU,1997
1997-03-31,Husvet Hetfo,HU,1997
1997-05-01,A Munka unnepe,HU,1997
1997-05-18,Punkosd,HU,1997
1997-05-19,Punkosdhetfo,HU,1997
1997-08-20,Az allamalapitas unnepe,HU,1997
1997-10-23,Nemzeti unnep,HU,1997
1997-12-25,Karacsony,HU,1997
1997-12-26,Karacsony masnapja,HU,1997
1998-01-01,Ujev,HU,1998
1998-03-15,Nemzeti unnep,HU,1998
1998-04-12,Husvet,HU,1998
1998-04-13,Husvet Hetfo,HU,1998
1998-05-01,A Munka unnepe,HU,1998
1998-05-31,Punkosd,HU,1998
1998-06-01,Punkosdhetfo,HU,1998
1998-08-20,Az allamalapitas unnepe,HU,1998
1998-10-23,Nemzeti unnep,HU,1998
1998-12-25,Karacsony,HU,1998
1998-12-26,Karacsony masnapja,HU,1998
1999-01-01,Ujev,HU,1999
1999-03-15,Nemzeti unnep,HU,1999
1999-04-04,Husvet,HU,1999
1999-04-05,Husvet Hetfo,HU,1999
1999-05-01,A Munka unnepe,HU,1999
1999-05-23,Punkosd,HU,1999
1999-05-24,Punkosdhetfo,HU,1999
1999-08-20,Az allamalapitas unnepe,HU,1999
1999-10-23,Nemzeti unnep,HU,1999
1999-11-01,Mindenszentek,HU,1999
1999-12-25,Karacsony,HU,1999
1999-12-26,Karacsony masnapja,HU,1999
2000-01-01,Ujev,HU,2000
2000-03-15,Nemzeti unnep,HU,2000
2000-04-23,Husvet,HU,2000
2000-04-24,Husvet Hetfo,HU,2000
2000-05-01,A Munka unnepe,HU,2000
2000-06-11,Punkosd,HU,2000
2000-06-12,Punkosdhetfo,HU,2000
2000-08-20,Az allamalapitas unnepe,HU,2000
2000-10-23,Nemzeti unnep,HU,2000
2000-11-01,Mindenszentek,HU,2000
2000-12-25,Karacsony,HU,2000
2000-12-26,Karacsony masnapja,HU,2000
2001-01-01,Ujev,HU,2001
2001-03-15,Nemzeti unnep,HU,2001
2001-04-15,Husvet,HU,2001
2001-04-16,Husvet Hetfo,HU,2001
2001-05-01,A Munka unnepe,HU,2001
2001-06-03,Punkosd,HU,2001
2001-06-04,Punkosdhetfo,HU,2001
2001-08-20,Az allamalapitas unnepe,HU,2001
2001-10-23,Nemzeti unnep,HU,2001
2001-11-01,Mindenszentek,HU,2001
2001-12-25,Karacsony,HU,2001
2001-12-26,Karacsony masnapja,HU,2001
2002-01-01,Ujev,HU,2002
2002-03-15,Nemzeti unnep,HU,2002
2002-03-31,Husvet,HU,2002
2002-04-01,Husvet Hetfo,HU,2002
2002-05-01,A Munka unnepe,HU,2002
2002-05-19,Punkosd,HU,2002
2002-05-20,Punkosdhetfo,HU,2002
2002-08-20,Az allamalapitas unnepe,HU,2002
2002-10-23,Nemzeti unnep,HU,2002
2002-11-01,Mindenszentek,HU,2002
2002-12-25,Karacsony,HU,2002
2002-12-26,Karacsony masnapja,HU,2002
2003-01-01,Ujev,HU,2003
2003-03-15,Nemzeti unnep,HU,2003
2003-04-20,Husvet,HU,2003
2003-04-21,Husvet Hetfo,HU,2003
2003-05-01,A Munka unnepe,HU,2003
2003-06-08,Punkosd,HU,2003
2003-06-09,Punkosdhetfo,HU,2003
2003-08-20,Az allamalapitas unnepe,HU,2003
2003-10-23,Nemzeti unnep,HU,2003
2003-11-01,Mindenszentek,HU,2003
2003-12-25,Karacsony,HU,2003
2003-12-26,Karacsony masnapja,HU,2003
2004-01-01,Ujev,HU,2004
2004-03-15,Nemzeti unnep,HU,2004
2004-04-11,Husvet,HU,2004
2004-04-12,Husvet Hetfo,HU,2004
2004-05-01,A Munka unnepe,HU,2004
2004-05-30,Punkosd,HU,2004
2004-05-31,Punkosdhetfo,HU,2004
2004-08-20,Az allamalapitas unnepe,HU,2004
2004-10-23,Nemzeti unnep,HU,2004
2004-11-01,Mindenszentek,HU,2004
2004-12-25,Karacsony,HU,2004
2004-12-26,Karacsony masnapja,HU,2004
2005-01-01,Ujev,HU,2005
2005-03-15,Nemzeti unnep,HU,2005
2005-03-27,Husvet,HU,2005
2005-03-28,Husvet Hetfo,HU,2005
2005-05-01,A Munka unnepe,HU,2005
2005-05-15,Punkosd,HU,2005
2005-05-16,Punkosdhetfo,HU,2005
2005-08-20,Az allamalapitas unnepe,HU,2005
2005-10-23,Nemzeti unnep,HU,2005
2005-11-01,Mindenszentek,HU,2005
2005-12-25,Karacsony,HU,2005
2005-12-26,Karacsony masnapja,HU,2005
2006-01-01,Ujev,HU,2006
2006-03-15,Nemzeti unnep,HU,2006
2006-04-16,Husvet,HU,2006
2006-04-17,Husvet Hetfo,HU,2006
2006-05-01,A Munka unnepe,HU,2006
2006-06-04,Punkosd,HU,2006
2006-06-05,Punkosdhetfo,HU,2006
2006-08-20,Az allamalapitas unnepe,HU,2006
2006-10-23,Nemzeti unnep,HU,2006
2006-11-01,Mindenszentek,HU,2006
2006-12-25,Karacsony,HU,2006
2006-12-26,Karacsony masnapja,HU,2006
2007-01-01,Ujev,HU,2007
2007-03-15,Nemzeti unnep,HU,2007
2007-04-08,Husvet,HU,2007
2007-04-09,Husvet Hetfo,HU,2007
2007-05-01,A Munka unnepe,HU,2007
2007-05-27,Punkosd,HU,2007
2007-05-28,Punkosdhetfo,HU,2007
2007-08-20,Az allamalapitas unnepe,HU,2007
2007-10-23,Nemzeti unnep,HU,2007
2007-11-01,Mindenszentek,HU,2007
2007-12-25,Karacsony,HU,2007
2007-12-26,Karacsony masnapja,HU,2007
2008-01-01,Ujev,HU,2008
2008-03-15,Nemzeti unnep,HU,2008
2008-03-23,Husvet,HU,2008
2008-03-24,Husvet Hetfo,HU,2008
2008-05-01,A Munka unnepe,HU,2008
2008-05-11,Punkosd,HU,2008
2008-05-12,Punkosdhetfo,HU,2008
2008-08-20,Az allamalapitas unnepe,HU,2008
2008-10-23,Nemzeti unnep,HU,2008
2008-11-01,Mindenszentek,HU,2008
2008-12-25,Karacsony,HU,2008
2008-12-26,Karacsony masnapja,HU,2008
2009-01-01,Ujev,HU,2009
2009-03-15,Nemzeti unnep,HU,2009
2009-04-12,Husvet,HU,2009
2009-04-13,Husvet Hetfo,HU,2009
2009-05-01,A Munka unnepe,HU,2009
2009-05-31,Punkosd,HU,2009
2009-06-01,Punkosdhetfo,HU,2009
2009-08-20,Az allamalapitas unnepe,HU,2009
2009-10-23,Nemzeti unnep,HU,2009
2009-11-01,Mindenszentek,HU,2009
2009-12-25,Karacsony,HU,2009
2009-12-26,Karacsony masnapja,HU,2009
2010-01-01,Ujev,HU,2010
2010-03-15,Nemzeti unnep,HU,2010
2010-04-04,Husvet,HU,2010
2010-04-05,Husvet Hetfo,HU,2010
2010-05-01,A Munka unnepe,HU,2010
2010-05-23,Punkosd,HU,2010
2010-05-24,Punkosdhetfo,HU,2010
2010-08-20,Az allamalapitas unnepe,HU,2010
2010-10-23,Nemzeti unnep,HU,2010
2010-11-01,Mindenszentek,HU,2010
2010-12-24,Szenteste,HU,2010
2010-12-25,Karacsony,HU,2010
2010-12-26,Karacsony masnapja,HU,2010
2011-01-01,Ujev,HU,2011
2011-03-14,Nemzeti unnep elotti pihenonap,HU,2011
2011-03-15,Nemzeti unnep,HU,2011
2011-04-24,Husvet,HU,2011
2011-04-25,Husvet Hetfo,HU,2011
2011-05-01,A Munka unnepe,HU,2011
2011-06-12,Punkosd,HU,2011
2011-06-13,Punkosdhetfo,HU,2011
2011-08-20,Az allamalapitas unnepe,HU,2011
2011-10-23,Nemzeti unnep,HU,2011
2011-10-31,Mindenszentek elotti pihenonap,HU,2011
2011-11-01,Mindenszentek,HU,2011
2011-12-25,Karacsony,HU,2011
2011-12-26,Karacsony masnapja,HU,2011
2012-01-01,Ujev,HU,2012
2012-03-15,Nemzeti unnep,HU,2012
2012-03-16,Nemzeti unnep utani pihenonap,HU,2012
2012-04-08,Husvet,HU,2012
2012-04-09,Husvet Hetfo,HU,2012
2012-04-30,A Munka unnepe elotti pihenonap,HU,2012
2012-05-01,A Munka unnepe,HU,2012
2012-05-27,Punkosd,HU,2012
2012-05-28,Punkosdhetfo,HU,2012
2012-08-20,Az allamalapitas unnepe,HU,2012
2012-10-22,Nemzeti unnep elotti pihenonap,HU,2012
2012-10-23,Nemzeti unnep,HU,2012
2012-11-01,Mindenszentek,HU,2012
2012-11-02,Mindenszentek utani pihenonap,HU,2012
2012-12-24,Szenteste,HU,2012
2012-12-25,Karacsony,HU,2012
2012-12-26,Karacsony masnapja,HU,2012
2013-01-01,Ujev,HU,2013
2013-03-15,Nemzeti unnep,HU,2013
2013-03-31,Husvet,HU,2013
2013-04-01,Husvet Hetfo,HU,2013
2013-05-01,A Munka unnepe,HU,2013
2013-05-19,Punkosd,HU,2013
2013-05-20,Punkosdhetfo,HU,2013
2013-08-19,Az allamalapitas unnepe elotti pihenonap,HU,2013
2013-08-20,Az allamalapitas unnepe,HU,2013
2013-10-23,Nemzeti unnep,HU,2013
2013-11-01,Mindenszentek,HU,2013
2013-12-24,Szenteste,HU,2013
2013-12-25,Karacsony,HU,2013
2013-12-26,Karacsony masnapja,HU,2013
2013-12-27,Karacsony masnapja utani pihenonap,HU,2013
2014-01-01,Ujev,HU,2014
2014-03-15,Nemzeti unnep,HU,2014
2014-04-20,Husvet,HU,2014
2014-04-21,Husvet Hetfo,HU,2014
2014-05-01,A Munka unnepe,HU,2014
2014-05-02,A Munka unnepe utani pihenonap,HU,2014
2014-06-08,Punkosd,HU,2014
2014-06-09,Punkosdhetfo,HU,2014
2014-08-20,Az allamalapitas unnepe,HU,2014
2014-10-23,Nemzeti unnep,HU,2014
2014-10-24,Nemzeti unnep utani pihenonap,HU,2014
2014-11-01,Mindenszentek,HU,2014
2014-12-24,Szenteste,HU,2014
2014-12-25,Karacsony,HU,2014
2014-12-26,Karacsony masnapja,HU,2014
2015-01-01,Ujev,HU,2015
2015-01-02,Ujev utani pihenonap,HU,2015
2015-03-15,Nemzeti unnep,HU,2015
2015-04-05,Husvet,HU,2015
2015-04-06,Husvet Hetfo,HU,2015
2015-05-01,A Munka unnepe,HU,2015
2015-05-24,Punkosd,HU,2015
2015-05-25,Punkosdhetfo,HU,2015
2015-08-20,Az allamalapitas unnepe,HU,2015
2015-08-21,Az allamalapitas unnepe utani pihenonap,HU,2015
2015-10-23,Nemzeti unnep,HU,2015
2015-11-01,Mindenszentek,HU,2015
2015-12-24,Szenteste,HU,2015
2015-12-25,Karacsony,HU,2015
2015-12-26,Karacsony masnapja,HU,2015
2016-01-01,Ujev,HU,2016
2016-03-14,Nemzeti unnep elotti pihenonap,HU,2016
2016-03-15,Nemzeti unnep,HU,2016
2016-03-27,Husvet,HU,2016
2016-03-28,Husvet Hetfo,HU,2016
2016-05-01,A Munka unnepe,HU,2016
2016-05-15,Punkosd,HU,2016
2016-05-16,Punkosdhetfo,HU,2016
2016-08-20,Az allamalapitas unnepe,HU,2016
2016-10-23,Nemzeti unnep,HU,2016
2016-10-31,Mindenszentek elotti pihenonap,HU,2016
2016-11-01,Mindenszentek,HU,2016
2016-12-25,Karacsony,HU,2016
2016-12-26,Karacsony masnapja,HU,2016
2017-01-01,Ujev,HU,2017
2017-03-15,Nemzeti unnep,HU,2017
2017-04-14,Nagypentek,HU,2017
2017-04-16,Husvet,HU,2017
2017-04-17,Husvet Hetfo,HU,2017
2017-05-01,A Munka unnepe,HU,2017
2017-06-04,Punkosd,HU,2017
2017-06-05,Punkosdhetfo,HU,2017
2017-08-20,Az allamalapitas unnepe,HU,2017
2017-10-23,Nemzeti unnep,HU,2017
2017-11-01,Mindenszentek,HU,2017
2017-12-25,Karacsony,HU,2017
2017-12-26,Karacsony masnapja,HU,2017
2018-01-01,Ujev,HU,2018
2018-03-15,Nemzeti unnep,HU,2018
2018-03-16,Nemzeti unnep utani pihenonap,HU,2018
2018-03-30,Nagypentek,HU,2018
2018-04-01,Husvet,HU,2018
2018-04-02,Husvet Hetfo,HU,2018
2018-04-30,A Munka unnepe elotti pihenonap,HU,2018
2018-05-01,A Munka unnepe,HU,2018
2018-05-20,Punkosd,HU,2018
2018-05-21,Punkosdhetfo,HU,2018
2018-08-20,Az allamalapitas unnepe,HU,2018
2018-10-22,Nemzeti unnep elotti pihenonap,HU,2018
2018-10-23,Nemzeti unnep,HU,2018
2018-11-01,Mindenszentek,HU,2018
2018-11-02,Mindenszentek utani pihenonap,HU,2018
2018-12-24,Szenteste,HU,2018
2018-12-25,Karacsony,HU,2018
2018-12-26,Karacsony masnapja,HU,2018
2018-12-31,Szilveszter,HU,2018
2018-12-31,Ujev elotti pihenonap,HU,2018
2019-01-01,Ujev,HU,2019
2019-03-15,Nemzeti unnep,HU,2019
2019-04-19,Nagypentek,HU,2019
2019-04-21,Husvet,HU,2019
2019-04-22,Husvet Hetfo,HU,2019
2019-05-01,A Munka unnepe,HU,2019
2019-06-09,Punkosd,HU,2019
2019-06-10,Punkosdhetfo,HU,2019
2019-08-19,Az allamalapitas unnepe elotti pihenonap,HU,2019
2019-08-20,Az allamalapitas unnepe,HU,2019
2019-10-23,Nemzeti unnep,HU,2019
2019-11-01,Mindenszentek,HU,2019
2019-12-24,Szenteste,HU,2019
2019-12-25,Karacsony,HU,2019
2019-12-26,Karacsony masnapja,HU,2019
2019-12-27,Karacsony masnapja utani pihenonap,HU,2019
2020-01-01,Ujev,HU,2020
2020-03-15,Nemzeti unnep,HU,2020
2020-04-10,Nagypentek,HU,2020
2020-04-12,Husvet,HU,2020
2020-04-13,Husvet Hetfo,HU,2020
2020-05-01,A Munka unnepe,HU,2020
2020-05-31,Punkosd,HU,2020
2020-06-01,Punkosdhetfo,HU,2020
2020-08-20,Az allamalapitas unnepe,HU,2020
2020-08-21,Az allamalapitas unnepe utani pihenonap,HU,2020
2020-10-23,Nemzeti unnep,HU,2020
2020-11-01,Mindenszentek,HU,2020
2020-12-24,Szenteste,HU,2020
2020-12-25,Karacsony,HU,2020
2020-12-26,Karacsony masnapja,HU,2020
2021-01-01,Ujev,HU,2021
2021-03-15,Nemzeti unnep,HU,2021
2021-04-02,Nagypentek,HU,2021
2021-04-04,Husvet,HU,2021
2021-04-05,Husvet Hetfo,HU,2021
2021-05-01,A Munka unnepe,HU,2021
2021-05-23,Punkosd,HU,2021
2021-05-24,Punkosdhetfo,HU,2021
2021-08-20,Az allamalapitas unnepe,HU,2021
2021-10-23,Nemzeti unnep,HU,2021
2021-11-01,Mindenszentek,HU,2021
2021-12-24,Szenteste,HU,2021
2021-12-25,Karacsony,HU,2021
2021-12-26,Karacsony masnapja,HU,2021
2022-01-01,Ujev,HU,2022
2022-03-14,Nemzeti unnep elotti pihenonap,HU,2022
2022-03-15,Nemzeti unnep,HU,2022
2022-04-15,Nagypentek,HU,2022
2022-04-17,Husvet,HU,2022
2022-04-18,Husvet Hetfo,HU,2022
2022-05-01,A Munka unnepe,HU,2022
2022-06-05,Punkosd,HU,2022
2022-06-06,Punkosdhetfo,HU,2022
2022-08-20,Az allamalapitas unnepe,HU,2022
2022-10-23,Nemzeti unnep,HU,2022
2022-10-31,Mindenszentek elotti pihenonap,HU,2022
2022-11-01,Mindenszentek,HU,2022
2022-12-25,Karacsony,HU,2022
2022-12-26,Karacsony masnapja,HU,2022
2023-01-01,Ujev,HU,2023
2023-03-15,Nemzeti unnep,HU,2023
2023-04-07,Nagypentek,HU,2023
2023-04-09,Husvet,HU,2023
2023-04-10,Husvet Hetfo,HU,2023
2023-05-01,A Munka unnepe,HU,2023
2023-05-28,Punkosd,HU,2023
2023-05-29,Punkosdhetfo,HU,2023
2023-08-20,Az allamalapitas unnepe,HU,2023
2023-10-23,Nemzeti unnep,HU,2023
2023-11-01,Mindenszentek,HU,2023
2023-12-25,Karacsony,HU,2023
2023-12-26,Karacsony masnapja,HU,2023
2024-01-01,Ujev,HU,2024
2024-03-15,Nemzeti unnep,HU,2024
2024-03-29,Nagypentek,HU,2024
2024-03-31,Husvet,HU,2024
2024-04-01,Husvet Hetfo,HU,2024
2024-05-01,A Munka unnepe,HU,2024
2024-05-19,Punkosd,HU,2024
2024-05-20,Punkosdhetfo,HU,2024
2024-08-19,Az allamalapitas unnepe elotti pihenonap,HU,2024
2024-08-20,Az allamalapitas unnepe,HU,2024
2024-10-23,Nemzeti unnep,HU,2024
2024-11-01,Mindenszentek,HU,2024
2024-12-24,Szenteste,HU,2024
2024-12-25,Karacsony,HU,2024
2024-12-26,Karacsony masnapja,HU,2024
2024-12-27,Karacsony masnapja utani pihenonap,HU,2024
2025-01-01,Ujev,HU,2025
2025-03-15,Nemzeti unnep,HU,2025
2025-04-18,Nagypentek,HU,2025
2025-04-20,Husvet,HU,2025
2025-04-21,Husvet Hetfo,HU,2025
2025-05-01,A Munka unnepe,HU,2025
2025-05-02,A Munka unnepe utani pihenonap,HU,2025
2025-06-08,Punkosd,HU,2025
2025-06-09,Punkosdhetfo,HU,2025
2025-08-20,Az allamalapitas unnepe,HU,2025
2025-10-23,Nemzeti unnep,HU,2025
2025-10-24,Nemzeti unnep utani pihenonap,HU,2025
2025-11-01,Mindenszentek,HU,2025
2025-12-24,Szenteste,HU,2025
2025-12-25,Karacsony,HU,2025
2025-12-26,Karacsony masnapja,HU,2025
2026-01-01,Ujev,HU,2026
2026-01-02,Ujev utani pihenonap,HU,2026
2026-03-15,Nemzeti unnep,HU,2026
2026-04-03,Nagypentek,HU,2026
2026-04-05,Husvet,HU,2026
2026-04-06,Husvet Hetfo,HU,2026
2026-05-01,A Munka unnepe,HU,2026
2026-05-24,Punkosd,HU,2026
2026-05-25,Punkosdhetfo,HU,2026
2026-08-20,Az allamalapitas unnepe,HU,2026
2026-08-21,Az allamalapitas unnepe utani pihenonap,HU,2026
2026-10-23,Nemzeti unnep,HU,2026
2026-11-01,Mindenszentek,HU,2026
2026-12-24,Szenteste,HU,2026
2026-12-25,Karacsony,HU,2026
2026-12-26,Karacsony masnapja,HU,2026
2027-01-01,Ujev,HU,2027
2027-03-15,Nemzeti unnep,HU,2027
2027-03-26,Nagypentek,HU,2027
2027-03-28,Husvet,HU,2027
2027-03-29,Husvet Hetfo,HU,2027
2027-05-01,A Munka unnepe,HU,2027
2027-05-16,Punkosd,HU,2027
2027-05-17,Punkosdhetfo,HU,2027
2027-08-20,Az allamalapitas unnepe,HU,2027
2027-10-23,Nemzeti unnep,HU,2027
2027-11-01,Mindenszentek,HU,2027
2027-12-24,Szenteste,HU,2027
2027-12-25,Karacsony,HU,2027
2027-12-26,Karacsony masnapja,HU,2027
2028-01-01,Ujev,HU,2028
2028-03-15,Nemzeti unnep,HU,2028
2028-04-14,Nagypentek,HU,2028
2028-04-16,Husvet,HU,2028
2028-04-17,Husvet Hetfo,HU,2028
2028-05-01,A Munka unnepe,HU,2028
2028-06-04,Punkosd,HU,2028
2028-06-05,Punkosdhetfo,HU,2028
2028-08-20,Az allamalapitas unnepe,HU,2028
2028-10-23,Nemzeti unnep,HU,2028
2028-11-01,Mindenszentek,HU,2028
2028-12-25,Karacsony,HU,2028
2028-12-26,Karacsony masnapja,HU,2028
2029-01-01,Ujev,HU,2029
2029-03-15,Nemzeti unnep,HU,2029
2029-03-16,Nemzeti unnep utani pihenonap,HU,2029
2029-03-30,Nagypentek,HU,2029
2029-04-01,Husvet,HU,2029
2029-04-02,Husvet Hetfo,HU,2029
2029-04-30,A Munka unnepe elotti pihenonap,HU,2029
2029-05-01,A Munka unnepe,HU,2029
2029-05-20,Punkosd,HU,2029
2029-05-21,Punkosdhetfo,HU,2029
2029-08-20,Az allamalapitas unnepe,HU,2029
2029-10-22,Nemzeti unnep elotti pihenonap,HU,2029
2029-10-23,Nemzeti unnep,HU,2029
2029-11-01,Mindenszentek,HU,2029
2029-11-02,Mindenszentek utani pihenonap,HU,2029
2029-12-24,Szenteste,HU,2029
2029-12-25,Karacsony,HU,2029
2029-12-26,Karacsony masnapja,HU,2029
2029-12-31,Szilveszter,HU,2029
2029-12-31,Ujev elotti pihenonap,HU,2029
2030-01-01,Ujev,HU,2030
2030-03-15,Nemzeti unnep,HU,2030
2030-04-19,Nagypentek,HU,2030
2030-04-21,Husvet,HU,2030
2030-04-22,Husvet Hetfo,HU,2030
2030-05-01,A Munka unnepe,HU,2030
2030-06-09,Punkosd,HU,2030
2030-06-10,Punkosdhetfo,HU,2030
2030-08-19,Az allamalapitas unnepe elotti pihenonap,HU,2030
2030-08-20,Az allamalapitas unnepe,HU,2030
2030-10-23,Nemzeti unnep,HU,2030
2030-11-01,Mindenszentek,HU,2030
2030-12-24,Szenteste,HU,2030
2030-12-25,Karacsony,HU,2030
2030-12-26,Karacsony masnapja,HU,2030
2030-12-27,Karacsony masnapja utani pihenonap,HU,2030
2031-01-01,Ujev,HU,2031
2031-03-15,Nemzeti unnep,HU,2031
2031-04-11,Nagypentek,HU,2031
2031-04-13,Husvet,HU,2031
2031-04-14,Husvet Hetfo,HU,2031
2031-05-01,A Munka unnepe,HU,2031
2031-05-02,A Munka unnepe utani pihenonap,HU,2031
2031-06-01,Punkosd,HU,2031
2031-06-02,Punkosdhetfo,HU,2031
2031-08-20,Az allamalapitas unnepe,HU,2031
2031-10-23,Nemzeti unnep,HU,2031
2031-10-24,Nemzeti unnep utani pihenonap,HU,2031
2031-11-01,Mindenszentek,HU,2031
2031-12-24,Szenteste,HU,2031
2031-12-25,Karacsony,HU,2031
2031-12-26,Karacsony masnapja,HU,2031
2032-01-01,Ujev,HU,2032
2032-01-02,Ujev utani pihenonap,HU,2032
2032-03-15,Nemzeti unnep,HU,2032
2032-03-26,Nagypentek,HU,2032
2032-03-28,Husvet,HU,2032
2032-03-29,Husvet Hetfo,HU,2032
2032-05-01,A Munka unnepe,HU,2032
2032-05-16,Punkosd,HU,2032
2032-05-17,Punkosdhetfo,HU,2032
2032-08-20,Az allamalapitas unnepe,HU,2032
2032-10-23,Nemzeti unnep,HU,2032
2032-11-01,Mindenszentek,HU,2032
2032-12-24,Szenteste,HU,2032
2032-12-25,Karacsony,HU,2032
2032-12-26,Karacsony masnapja,HU,2032
2033-01-01,Ujev,HU,2033
2033-03-14,Nemzeti unnep elotti pihenonap,HU,2033
2033-03-15,Nemzeti unnep,HU,2033
2033-04-15,Nagypentek,HU,2033
2033-04-17,Husvet,HU,2033
2033-04-18,Husvet Hetfo,HU,2033
2033-05-01,A Munka unnepe,HU,2033
2033-06-05,Punkosd,HU,2033
2033-06-06,Punkosdhetfo,HU,2033
2033-08-20,Az allamalapitas unnepe,HU,2033
2033-10-23,Nemzeti unnep,HU,2033
2033-10-31,Mindenszentek elotti pihenonap,HU,2033
2033-11-01,Mindenszentek,HU,2033
2033-12-25,Karacsony,HU,2033
2033-12-26,Karacsony masnapja,HU,2033
2034-01-01,Ujev,HU,2034
2034-03-15,Nemzeti unnep,HU,2034
2034-04-07,Nagypentek,HU,2034
2034-04-09,Husvet,HU,2034
2034-04-10,Husvet Hetfo,HU,2034
2034-05-01,A Munka unnepe,HU,2034
2034-05-28,Punkosd,HU,2034
2034-05-29,Punkosdhetfo,HU,2034
2034-08-20,Az allamalapitas unnepe,HU,2034
2034-10-23,Nemzeti unnep,HU,2034
2034-11-01,Mindenszentek,HU,2034
2034-12-25,Karacsony,HU,2034
2034-12-26,Karacsony masnapja,HU,2034
2035-01-01,Ujev,HU,2035
2035-03-15,Nemzeti unnep,HU,2035
2035-03-16,Nemzeti unnep utani pihenonap,HU,2035
2035-03-23,Nagypentek,HU,2035
2035-03-25,Husvet,HU,2035
2035-03-26,Husvet Hetfo,HU,2035
2035-04-30,A Munka unnepe elotti pihenonap,HU,2035
2035-05-01,A Munka unnepe,HU,2035
2035-05-13,Punkosd,HU,2035
2035-05-14,Punkosdhetfo,HU,2035
2035-08-20,Az allamalapitas unnepe,HU,2035
2035-10-22,Nemzeti unnep elotti pihenonap,HU,2035
2035-10-23,Nemzeti unnep,HU,2035
2035-11-01,Mindenszentek,HU,2035
2035-11-02,Mindenszentek utani pihenonap,HU,2035
2035-12-24,Szenteste,HU,2035
2035-12-25,Karacsony,HU,2035
2035-12-26,Karacsony masnapja,HU,2035
2035-12-31,Szilveszter,HU,2035
2035-12-31,Ujev elotti pihenonap,HU,2035
2036-01-01,Ujev,HU,2036
2036-03-15,Nemzeti unnep,HU,2036
2036-04-11,Nagypentek,HU,2036
2036-04-13,Husvet,HU,2036
2036-04-14,Husvet Hetfo,HU,2036
2036-05-01,A Munka unnepe,HU,2036
2036-05-02,A Munka unnepe utani pihenonap,HU,2036
2036-06-01,Punkosd,HU,2036
2036-06-02,Punkosdhetfo,HU,2036
2036-08-20,Az allamalapitas unnepe,HU,2036
2036-10-23,Nemzeti unnep,HU,2036
2036-10-24,Nemzeti unnep utani pihenonap,HU,2036
2036-11-01,Mindenszentek,HU,2036
2036-12-24,Szenteste,HU,2036
2036-12-25,Karacsony,HU,2036
2036-12-26,Karacsony masnapja,HU,2036
2037-01-01,Ujev,HU,2037
2037-01-02,Ujev utani pihenonap,HU,2037
2037-03-15,Nemzeti unnep,HU,2037
2037-04-03,Nagypentek,HU,2037
2037-04-05,Husvet,HU,2037
2037-04-06,Husvet Hetfo,HU,2037
2037-05-01,A Munka unnepe,HU,2037
2037-05-24,Punkosd,HU,2037
2037-05-25,Punkosdhetfo,HU,2037
2037-08-20,Az allamalapitas unnepe,HU,2037
2037-08-21,Az allamalapitas unnepe utani pihenonap,HU,2037
2037-10-23,Nemzeti unnep,HU,2037
2037-11-01,Mindenszentek,HU,2037
2037-12-24,Szenteste,HU,2037
2037-12-25,Karacsony,HU,2037
2037-12-26,Karacsony masnapja,HU,2037
2038-01-01,Ujev,HU,2038
2038-03-15,Nemzeti unnep,HU,2038
2038-04-23,Nagypentek,HU,2038
2038-04-25,Husvet,HU,2038
2038-04-26,Husvet Hetfo,HU,2038
2038-05-01,A Munka unnepe,HU,2038
2038-06-13,Punkosd,HU,2038
2038-06-14,Punkosdhetfo,HU,2038
2038-08-20,Az allamalapitas unnepe,HU,2038
2038-10-23,Nemzeti unnep,HU,2038
2038-11-01,Mindenszentek,HU,2038
2038-12-24,Szenteste,HU,2038
2038-12-25,Karacsony,HU,2038
2038-12-26,Karacsony masnapja,HU,2038
2039-01-01,Ujev,HU,2039
2039-03-14,Nemzeti unnep elotti pihenonap,HU,2039
2039-03-15,Nemzeti unnep,HU,2039
2039-04-08,Nagypentek,HU,2039
2039-04-10,Husvet,HU,2039
2039-04-11,Husvet Hetfo,HU,2039
2039-05-01,A Munka unnepe,HU,2039
2039-05-29,Punkosd,HU,2039
2039-05-30,Punkosdhetfo,HU,2039
2039-08-20,Az allamalapitas unnepe,HU,2039
2039-10-23,Nemzeti unnep,HU,2039
2039-10-31,Mindenszentek elotti pihenonap,HU,2039
2039-11-01,Mindenszentek,HU,2039
2039-12-25,Karacsony,HU,2039
2039-12-26,Karacsony masnapja,HU,2039
2040-01-01,Ujev,HU,2040
2040-03-15,Nemzeti unnep,HU,2040
2040-03-16,Nemzeti unnep utani pihenonap,HU,2040
2040-03-30,Nagypentek,HU,2040
2040-04-01,Husvet,HU,2040
2040-04-02,Husvet Hetfo,HU,2040
2040-04-30,A Munka unnepe elotti pihenonap,HU,2040
2040-05-01,A Munka unnepe,HU,2040
2040-05-20,Punkosd,HU,2040
2040-05-21,Punkosdhetfo,HU,2040
2040-08-20,Az allamalapitas unnepe,HU,2040
2040-10-22,Nemzeti unnep elotti pihenonap,HU,2040
2040-10-23,Nemzeti unnep,HU,2040
2040-11-01,Mindenszentek,HU,2040
2040-11-02,Mindenszentek utani pihenonap,HU,2040
2040-12-24,Szenteste,HU,2040
2040-12-25,Karacsony,HU,2040
2040-12-26,Karacsony masnapja,HU,2040
2040-12-31,Szilveszter,HU,2040
2040-12-31,Ujev elotti pihenonap,HU,2040
2041-01-01,Ujev,HU,2041
2041-03-15,Nemzeti unnep,HU,2041
2041-04-19,Nagypentek,HU,2041
2041-04-21,Husvet,HU,2041
2041-04-22,Husvet Hetfo,HU,2041
2041-05-01,A Munka unnepe,HU,2041
2041-06-09,Punkosd,HU,2041
2041-06-10,Punkosdhetfo,HU,2041
2041-08-19,Az allamalapitas unnepe elotti pihenonap,HU,2041
2041-08-20,Az allamalapitas unnepe,HU,2041
2041-10-23,Nemzeti unnep,HU,2041
2041-11-01,Mindenszentek,HU,2041
2041-12-24,Szenteste,HU,2041
2041-12-25,Karacsony,HU,2041
2041-12-26,Karacsony masnapja,HU,2041
2041-12-27,Karacsony masnapja utani pihenonap,HU,2041
2042-01-01,Ujev,HU,2042
2042-03-15,Nemzeti unnep,HU,2042
2042-04-04,Nagypentek,HU,2042
2042-04-06,Husvet,HU,2042
2042-04-07,Husvet Hetfo,HU,2042
2042-05-01,A Munka unnepe,HU,2042
2042-05-02,A Munka unnepe utani pihenonap,HU,2042
2042-05-25,Punkosd,HU,2042
2042-05-26,Punkosdhetfo,HU,2042
2042-08-20,Az allamalapitas unnepe,HU,2042
2042-10-23,Nemzeti unnep,HU,2042
2042-10-24,Nemzeti unnep utani pihenonap,HU,2042
2042-11-01,Mindenszentek,HU,2042
2042-12-24,Szenteste,HU,2042
2042-12-25,Karacsony,HU,2042
2042-12-26,Karacsony masnapja,HU,2042
2043-01-01,Ujev,HU,2043
2043-01-02,Ujev utani pihenonap,HU,2043
2043-03-15,Nemzeti unnep,HU,2043
2043-03-27,Nagypentek,HU,2043
2043-03-29,Husvet,HU,2043
2043-03-30,Husvet Hetfo,HU,2043
2043-05-01,A Munka unnepe,HU,2043
2043-05-17,Punkosd,HU,2043
2043-05-18,Punkosdhetfo,HU,2043
2043-08-20,Az allamalapitas unnepe,HU,2043
2043-08-21,Az allamalapitas unnepe utani pihenonap,HU,2043
2043-10-23,Nemzeti unnep,HU,2043
2043-11-01,Mindenszentek,HU,2043
2043-12-24,Szenteste,HU,2043
2043-12-25,Karacsony,HU,2043
2043-12-26,Karacsony masnapja,HU,2043
2044-01-01,Ujev,HU,2044
2044-03-14,Nemzeti unnep elotti pihenonap,HU,2044
2044-03-15,Nemzeti unnep,HU,2044
2044-04-15,Nagypentek,HU,2044
2044-04-17,Husvet,HU,2044
2044-04-18,Husvet Hetfo,HU,2044
2044-05-01,A Munka unnepe,HU,2044
2044-06-05,Punkosd,HU,2044
2044-06-06,Punkosdhetfo,HU,2044
2044-08-20,Az allamalapitas unnepe,HU,2044
2044-10-23,Nemzeti unnep,HU,2044
2044-10-31,Mindenszentek elotti pihenonap,HU,2044
2044-11-01,Mindenszentek,HU,2044
2044-12-25,Karacsony,HU,2044
2044-12-26,Karacsony masnapja,HU,2044
